Sector,Ticker,Company Name,2026-09-25 Close,2026-09-25 Change,2026-09-25 Change %,2026-09-28 Close,2026-09-28 Change,2026-09-28 Change %,2026-09-29 Close,2026-09-29 Change,2026-09-29 Change %,2026-09-30 Close,2026-09-30 Change,2026-09-30 Change %,2026-10-01 Close,2026-10-01 Change,2026-10-01 Change %
HKEX,0011,HANG SENG BANK,,,,,,,,,,,,,,,
HKEX,0005,HSBC HOLDINGS,157.6,0.7,0.45,158.9,1.3,0.82,159.0,0.1,0.06,158.0,-1.0,-0.63,158.0,-1.0,-0.63
HKEX,2888,STANCHART,238.0,2.0,0.85,242.6,4.6,1.93,242.8,0.2,0.08,244.4,1.6,0.66,244.4,1.6,0.66
HKEX,1288,ABC,6.51,-0.1,-1.51,6.55,0.04,0.61,6.59,0.04,0.61,6.63,0.04,0.61,6.63,0.04,0.61
HKEX,1398,ICBC,7.51,-0.15,-1.96,7.7,0.19,2.53,7.65,-0.05,-0.65,7.71,0.06,0.78,7.71,0.06,0.78
HKEX,3988,BANK OF CHINA,5.98,-0.06,-0.99,6.07,0.09,1.51,6.01,-0.06,-0.99,6.09,0.08,1.33,6.09,0.08,1.33
HKEX,0939,CCB,9.53,-0.15,-1.55,9.68,0.15,1.57,9.69,0.01,0.1,9.82,0.13,1.34,9.82,0.13,1.34
HKEX,3328,BANKCOMM,8.19,-0.09,-1.09,8.24,0.05,0.61,8.24,0.0,0.0,8.36,0.12,1.46,8.36,0.12,1.46
HKEX,3968,CM BANK,50.5,-0.7,-1.37,51.1,0.6,1.19,51.1,0.0,0.0,51.5,0.4,0.78,51.5,0.4,0.78
HKEX,0386,SINOPEC CORP,4.43,-0.06,-1.34,4.5,0.07,1.58,4.41,-0.09,-2.0,4.42,0.01,0.23,4.42,0.01,0.23
HKEX,0857,PETROCHINA,9.41,-0.2,-2.08,9.7,0.29,3.08,9.71,0.01,0.1,9.66,-0.05,-0.51,9.66,-0.05,-0.51
HKEX,0883,CNOOC,23.4,-0.44,-1.85,23.68,0.28,1.2,23.7,0.02,0.08,23.96,0.26,1.1,23.96,0.26,1.1
HKEX,3983,CHINA BLUECHEM,1.88,-0.02,-1.05,1.89,0.01,0.53,1.88,-0.01,-0.53,1.88,0.0,0.0,1.88,0.0,0.0
HKEX,1766,CRRC,5.16,-0.02,-0.39,5.36,0.2,3.88,5.3,-0.06,-1.12,5.33,0.03,0.57,5.33,0.03,0.57
HKEX,1186,CHINA RAIL CONS,4.3,0.0,0.0,4.25,-0.05,-1.16,4.29,0.04,0.94,4.36,0.07,1.63,4.36,0.07,1.63
HKEX,0390,CHINA RAILWAY,3.19,0.03,0.95,3.15,-0.04,-1.25,3.16,0.01,0.32,3.22,0.06,1.9,3.22,0.06,1.9
HKEX,3969,CHINA CRSC,2.91,-0.04,-1.36,2.98,0.07,2.41,2.99,0.01,0.34,3.0,0.01,0.33,3.0,0.01,0.33
HKEX,2318,PING AN,52.7,-0.55,-1.03,52.6,-0.1,-0.19,52.9,0.3,0.57,52.75,-0.15,-0.28,52.75,-0.15,-0.28
HKEX,2628,CHINA LIFE,28.58,-0.86,-2.92,28.08,-0.5,-1.75,28.8,0.72,2.56,28.12,-0.68,-2.36,28.12,-0.68,-2.36
HKEX,0728,CHINA TELECOM,4.39,-0.02,-0.45,4.49,0.1,2.28,4.49,0.0,0.0,4.49,0.0,0.0,4.49,0.0,0.0
HKEX,0941,CHINA MOBILE,78.45,-0.45,-0.57,79.25,0.8,1.02,79.35,0.1,0.13,79.45,0.1,0.13,79.45,0.1,0.13
HKEX,0763,ZTE,22.44,-0.26,-1.15,22.08,-0.36,-1.6,21.72,-0.36,-1.63,21.86,0.14,0.64,21.86,0.14,0.64
HKEX,2038,FIH,15.08,-0.01,-0.07,14.41,-0.67,-4.44,14.58,0.17,1.18,14.38,-0.2,-1.37,14.38,-0.2,-1.37
HKEX,1810,XIAOMI-W,25.9,-0.68,-2.56,25.86,-0.04,-0.15,25.2,-0.66,-2.55,25.24,0.04,0.16,25.24,0.04,0.16
HKEX,6082,BIREN TECH,38.16,-1.16,-2.95,35.04,-3.12,-8.18,37.36,2.32,6.62,37.38,0.02,0.05,37.38,0.02,0.05
HKEX,0700,TENCENT,436.6,-1.8,-0.41,439.8,3.2,0.73,432.0,-7.8,-1.77,431.0,-1.0,-0.23,431.0,-1.0,-0.23
HKEX,9988,BABA-W,108.4,-1.6,-1.45,107.7,-0.7,-0.65,106.2,-1.5,-1.39,106.6,0.4,0.38,106.6,0.4,0.38
HKEX,9618,JD-SW,103.7,-1.9,-1.8,104.5,0.8,0.77,103.1,-1.4,-1.34,104.3,1.2,1.16,104.3,1.2,1.16
HKEX,3690,MEITUAN-W,71.65,-0.6,-0.83,71.9,0.25,0.35,70.45,-1.45,-2.02,71.7,1.25,1.77,71.7,1.25,1.77
HKEX,9888,BIDU-W,85.3,-1.0,-1.16,85.55,0.25,0.29,84.9,-0.65,-0.76,85.8,0.9,1.06,85.8,0.9,1.06
HKEX,0981,SMIC,63.35,-0.45,-0.71,61.05,-2.3,-3.63,61.05,0.0,0.0,60.65,-0.4,-0.66,60.65,-0.4,-0.66
HKEX,1211,BYD COMPANY,78.1,-1.4,-1.76,77.7,-0.4,-0.51,75.75,-1.95,-2.51,75.6,-0.15,-0.2,75.6,-0.15,-0.2
HKEX,1024,KUAISHOU-W,30.02,-0.48,-1.57,30.7,0.68,2.27,30.24,-0.46,-1.5,30.94,0.7,2.31,30.94,0.7,2.31
HKEX,3033,CSOP HS TECH,4.24,-0.03,-0.7,4.2,-0.04,-0.94,4.15,-0.05,-1.19,4.15,-0.05,-1.19,4.15,-0.05,-1.19
HKEX,3067,ISHARESHSTECH,9.09,-0.13,-1.41,9.09,0.0,0.0,8.97,-0.12,-1.32,8.97,-0.12,-1.32,8.97,-0.12,-1.32
HKEX,0388,HKEX,388.4,-5.0,-1.27,388.6,0.2,0.05,386.8,-1.8,-0.46,387.8,1.0,0.26,387.8,1.0,0.26
HKEX,1928,SANDS CHINA LTD,11.91,-0.13,-1.08,11.93,0.02,0.17,11.79,-0.14,-1.17,11.85,0.06,0.51,11.85,0.06,0.51
HKEX,3750,CATL,489.4,-3.4,-0.69,484.6,-4.8,-0.98,482.2,-2.4,-0.5,484.2,2.0,0.41,484.2,2.0,0.41
HKEX,9868,XPENG-W,39.46,-0.76,-1.89,39.1,-0.36,-0.91,37.5,-1.6,-4.09,37.86,0.36,0.96,37.86,0.36,0.96
SGX,O39,OCBC Bank,32.01,0.42,1.33,32.22,0.21,0.66,32.16,-0.06,-0.19,31.99,-0.17,-0.53,31.99,-0.17,-0.53
SGX,D05,DBS,78.0,0.52,0.67,78.11,0.11,0.14,78.38,0.27,0.35,77.5,-0.88,-1.12,77.5,-0.88,-1.12
SGX,U11,UOB,42.57,0.07,0.16,43.29,0.72,1.69,43.32,0.03,0.07,42.84,-0.48,-1.11,42.84,-0.48,-1.11
SGX,U96,Sembcorp Ind,5.87,0.02,0.34,5.84,-0.03,-0.51,5.8,-0.04,-0.68,5.79,-0.01,-0.17,5.79,-0.01,-0.17
SGX,5E2,Seatrium Ltd,2.1,0.0,0.0,2.07,-0.03,-1.43,2.08,0.01,0.48,2.05,-0.03,-1.44,2.05,-0.03,-1.44
SGX,S58,SATS,3.83,0.02,0.52,3.88,0.05,1.31,3.87,-0.01,-0.26,3.83,-0.04,-1.03,3.83,-0.04,-1.03
SGX,S63,ST Engineering,10.87,0.01,0.09,10.87,0.0,0.0,10.85,-0.02,-0.18,10.92,0.07,0.65,10.92,0.07,0.65
SGX,S08,SingPost,0.315,0.0,0.0,0.31,-0.005,-1.59,0.315,0.005,1.61,0.3,-0.015,-4.76,0.3,-0.015,-4.76
SGX,Z74,Singtel,4.28,0.03,0.71,4.29,0.01,0.23,4.28,-0.01,-0.23,4.25,-0.03,-0.7,4.25,-0.03,-0.7
SGX,CC3,StarHub,1.12,-0.02,-1.75,1.13,0.01,0.89,1.12,-0.01,-0.88,1.11,-0.01,-0.89,1.11,-0.01,-0.89
SGX,BS6,YZJ Shipbldg SGD,5.19,0.02,0.39,5.16,-0.03,-0.58,5.14,-0.02,-0.39,5.13,-0.01,-0.19,5.13,-0.01,-0.19
SGX,BN4,Keppel,11.3,0.01,0.09,11.38,0.08,0.71,11.47,0.09,0.79,11.28,-0.19,-1.66,11.28,-0.19,-1.66
SGX,C09,CityDev,8.26,0.04,0.49,7.59,-0.67,-8.11,7.43,-0.16,-2.11,7.39,-0.04,-0.54,7.39,-0.04,-0.54
SGX,Y92,ThaiBev,0.44,0.005,1.15,0.435,-0.005,-1.14,0.435,0.0,0.0,0.43,-0.005,-1.15,0.43,-0.005,-1.15
SGX,G13,Genting Sing,0.615,-0.005,-0.81,0.625,0.01,1.63,0.615,-0.01,-1.6,0.615,0.0,0.0,0.615,0.0,0.0
SGX,M01,Metro,0.39,0.0,0.0,0.39,0.0,0.0,0.375,-0.015,-3.85,0.375,0.0,0.0,0.375,0.0,0.0
SGX,F34,Wilmar Intl,3.68,0.03,0.82,3.61,-0.07,-1.9,3.58,-0.03,-0.83,3.61,0.03,0.84,3.61,0.03,0.84
SGX,Z59,Yoma Strategic,0.079,0.0,0.0,0.079,0.0,0.0,0.081,0.002,2.53,0.081,0.0,0.0,0.081,0.0,0.0
SGX,S68,SGX,22.4,-0.02,-0.09,22.47,0.07,0.31,22.4,-0.07,-0.31,22.61,0.21,0.94,22.61,0.21,0.94
SGX,S59,SIA Engineering,3.19,0.02,0.63,3.18,-0.01,-0.31,3.18,0.0,0.0,3.14,-0.04,-1.26,3.14,-0.04,-1.26
SGX,MZH,Nanofilm,0.87,0.01,1.16,0.85,-0.02,-2.3,0.855,0.005,0.59,0.85,-0.005,-0.58,0.85,-0.005,-0.58
